id,name,department
1,Allison Hill,Support
2,Noah Rhodes,HR
3,Angie Henderson,HR
4,Daniel Wagner,Support
5,Cristian Santos,Engineering
6,Connie Lawrence,Finance
7,Abigail Shaffer,Finance
8,Gina Moore,Finance
9,Gabrielle Davis,Support
10,Ryan Munoz,HR
11,Monica Herrera,Support
12,Jamie Arnold,Support
13,Lisa Hensley,Marketing
14,Michele Williams,HR
15,Dylan Miller,Marketing
16,Brian Ramirez,Sales
17,Holly Wood,HR
18,Derek Zuniga,HR
19,Lisa Jackson,HR
20,Carla Gray,Finance
21,Margaret Hawkins DDS,Finance
22,Patty Perez,Marketing
23,Ethan Adams,Marketing
24,Tommy Walter,HR
25,Matthew Foster,Marketing
26,Judy Baker,Finance
27,Justin Baker,Support
28,Stephanie Ross,Support
29,Zachary Hicks,Support
30,Anthony Rodriguez,Marketing
31,Rebecca Henderson,Sales
32,James Ferrell,Finance
33,Tricia Valencia,Sales
34,Nathan Maldonado,Marketing
35,Debra Davidson,Engineering
36,Jeffrey Chavez,HR
37,Sherri Baker,Finance
38,Cassandra Gaines,Support
39,Elizabeth Fowler,Sales
40,Brittany Farmer,Engineering
41,Paula Moreno,Engineering
42,Fred Smith,Finance
43,Sherry Decker,Finance
44,Anthony Humphrey,Engineering
45,Angelica Tucker,HR
46,Philip Cannon,HR
47,John Pierce,Sales
48,Shane Henderson,HR
49,Joshua Blair,Engineering
50,Eric Carney,Engineering
51,Jessica Holmes,Marketing
52,Danny Morgan,Engineering
53,Crystal Robinson,HR
54,Mark Perez,Support
55,Shannon Jones,Sales
56,Michael Lewis,Marketing
57,Timothy Duncan,HR
58,Richard Aguirre,Sales
59,Brent Jordan,HR
60,John Daniel,Marketing
61,Victoria Garcia,Engineering
62,Gerald Hensley,Support
63,Connor West,Marketing
64,Donald Wright,Engineering
65,Jessica Callahan,Marketing
66,Amber Kidd,Finance
67,Tracy House,Support
68,Carol Tucker,HR
69,James Brown,HR
70,William Baker,Support
71,Jordan Henderson,Finance
72,Whitney Peters,Engineering
73,Brittney Phillips,HR
74,Lauren Daniels,Finance
75,Amy Silva,HR
76,Sarah Moore,Sales
77,Angela Lopez,Engineering
78,Megan Young,Sales
79,Steve Sanchez,Support
80,Lisa Barnes,Engineering
81,Kelly Donovan,Finance
82,Mike Allen,Engineering
83,Michael Evans,Engineering
84,Paul Jones,Finance
85,Zachary Ferrell,Support
86,Daniel Baker,Engineering
87,Shirley Suarez,Support
88,Christopher Bass,Support
89,Lisa Archer,Support
90,Aimee Montoya,HR
91,Matthew Mcmillan,Marketing
92,Brian Rodriguez,Support
93,Denise Jacobs,Finance
94,Christina Walters,Marketing
95,John Whitehead,Support
96,Anna Henderson,Finance
97,Aaron Wise,Finance
98,Deborah Figueroa,Sales
99,Jessica Smith,Sales
100,Stephen Mckee,Engineering
